content_id,setting
1008185,outdoor
1008362,outdoor
1008532,outdoor
1008588,outdoor
1008614,outdoor
1008706,outdoor
1008953,outdoor
1009026,outdoor
1009525,indoor
1011938,outdoor
1012063,outdoor
1012186,outdoor
1012247,outdoor
1012259,outdoor
1012454,outdoor
1012487,outdoor
1012531,outdoor
1012554,outdoor
1012593,outdoor
1014950,outdoor
1015842,outdoor
1015898,outdoor
1017563,outdoor
1018702,outdoor
1019307,outdoor
1019547,outdoor
1019616,indoor
1025685,outdoor
1025986,outdoor
1026048,indoor
1028358,outdoor
1028474,outdoor
1028544,outdoor
1028565,outdoor
1028726,outdoor
1028875,outdoor
1028888,outdoor
1030084,outdoor
1030109,outdoor
1030134,outdoor
1032289,indoor
1032754,outdoor
1032935,outdoor
1033236,outdoor
1033268,outdoor
1033295,outdoor
1033306,outdoor
1033322,outdoor
1033333,outdoor
1033368,outdoor
1033380,outdoor
1033388,outdoor
1033413,outdoor
1034132,outdoor
1034221,outdoor
1034296,outdoor
1034468,outdoor
1036894,outdoor
1037020,outdoor
1037027,outdoor
1037031,outdoor
1039170,mixed
1041317,outdoor
1042126,outdoor
1042163,outdoor
1042242,outdoor
1046086,outdoor
1047088,outdoor
1047636,outdoor
1051763,outdoor
1051809,outdoor
1051834,outdoor
1060192,indoor
1067369,indoor
1071342,mixed
1075972,outdoor
1076305,outdoor
1082315,indoor
1089992,indoor
1091608,indoor
1101088,outdoor
1103949,outdoor
1105980,indoor
1116758,outdoor
1117316,outdoor
1125614,mixed
1136251,outdoor
1137812,outdoor
1141637,outdoor
1146121,outdoor
1168464,outdoor
1169632,outdoor
1177867,indoor
1194419,outdoor
1194470,outdoor
1194474,outdoor
1194477,outdoor
1194483,outdoor
1195507,outdoor
1195641,outdoor
1195650,outdoor
1195655,outdoor
1196862,outdoor
1196867,outdoor
1196871,outdoor
1196883,outdoor
1196886,outdoor
1196890,outdoor
1196897,outdoor
1197219,outdoor
1197225,outdoor
1197233,outdoor
1197241,outdoor
1197248,outdoor
1200848,mixed
1206420,indoor
1223212,indoor
1245865,indoor
124623,outdoor
125434,mixed
125447,outdoor
125490,outdoor
125513,mixed
125520,outdoor
125554,outdoor
125583,mixed
125728,outdoor
125731,outdoor
125782,outdoor
125786,outdoor
125809,outdoor
125812,indoor
125865,outdoor
125867,mixed
125946,outdoor
126003,outdoor
126142,mixed
126228,indoor
126230,outdoor
126328,outdoor
126431,mixed
126432,outdoor
126466,outdoor
126490,mixed
126493,outdoor
126498,indoor
126535,outdoor
126557,outdoor
126581,outdoor
126632,outdoor
126660,outdoor
126665,outdoor
126669,outdoor
126701,outdoor
126712,mixed
126714,mixed
126718,outdoor
126719,indoor
126753,outdoor
126760,outdoor
126823,outdoor
126827,indoor
126895,outdoor
126898,outdoor
126915,outdoor
1269517,outdoor
126999,indoor
127000,mixed
127001,outdoor
127004,outdoor
127037,outdoor
127040,outdoor
127151,outdoor
127162,outdoor
127180,outdoor
127181,outdoor
127182,outdoor
127293,indoor
127363,outdoor
127387,outdoor
127394,outdoor
127408,outdoor
127449,outdoor
127472,mixed
127487,mixed
127491,outdoor
127492,outdoor
127516,unknown
127519,outdoor
127539,indoor
127548,mixed
127562,mixed
127641,indoor
127644,outdoor
127651,outdoor
127654,mixed
127695,mixed
127707,mixed
127719,outdoor
127734,outdoor
127740,mixed
127750,mixed
127770,mixed
127797,outdoor
127812,mixed
127869,outdoor
127877,mixed
127886,mixed
127889,mixed
127896,indoor
127916,outdoor
127934,mixed
127938,outdoor
127946,indoor
127953,mixed
127959,outdoor
127961,indoor
127978,mixed
128019,indoor
128024,indoor
128029,outdoor
128046,outdoor
128049,mixed
128089,mixed
128118,mixed
128137,outdoor
128143,mixed
128150,outdoor
128151,outdoor
128154,outdoor
128156,mixed
128171,outdoor
128177,mixed
128182,indoor
128208,indoor
128221,outdoor
128223,outdoor
128256,outdoor
128293,outdoor
128295,outdoor
128296,outdoor
128298,indoor
128299,mixed
128300,outdoor
128301,outdoor
128302,mixed
128303,outdoor
128304,indoor
128305,outdoor
128306,outdoor
128307,outdoor
128308,indoor
128311,outdoor
128313,outdoor
128316,outdoor
128317,outdoor
128320,outdoor
128323,indoor
128324,mixed
128326,indoor
128335,outdoor
128336,indoor
128337,outdoor
128338,mixed
128341,outdoor
128344,mixed
128345,mixed
128350,outdoor
128353,outdoor
128356,outdoor
128359,outdoor
128360,outdoor
128362,outdoor
128364,outdoor
128365,outdoor
128370,outdoor
128373,mixed
128375,outdoor
128377,outdoor
128383,outdoor
128385,outdoor
128388,outdoor
128389,outdoor
128391,indoor
128396,outdoor
128397,outdoor
128398,outdoor
128405,outdoor
128410,outdoor
128412,outdoor
128413,outdoor
128414,outdoor
128418,outdoor
128422,mixed
128427,outdoor
128428,outdoor
128430,outdoor
128437,mixed
128439,outdoor
128443,outdoor
128444,outdoor
128461,outdoor
128468,outdoor
128474,outdoor
128477,outdoor
128490,outdoor
128497,outdoor
128498,outdoor
128503,outdoor
128508,outdoor
128511,outdoor
128512,outdoor
128513,outdoor
128517,indoor
128556,mixed
128567,outdoor
128575,outdoor
128587,indoor
128588,indoor
128606,outdoor
128615,outdoor
128627,indoor
128631,mixed
128665,indoor
128694,indoor
128730,indoor
128746,outdoor
128765,outdoor
128776,outdoor
128788,outdoor
128802,outdoor
128804,outdoor
128825,outdoor
128838,outdoor
128916,outdoor
128934,outdoor
128936,outdoor
128942,outdoor
128945,outdoor
128988,mixed
128989,indoor
128995,outdoor
129018,outdoor
129116,outdoor
129137,indoor
129182,outdoor
129194,mixed
129195,indoor
129275,outdoor
129281,outdoor
129285,outdoor
129291,indoor
129293,outdoor
129303,outdoor
129305,outdoor
129306,outdoor
129310,outdoor
129311,outdoor
129314,outdoor
129317,outdoor
129318,outdoor
129319,outdoor
129321,outdoor
129326,outdoor
129327,outdoor
129328,outdoor
129330,outdoor
129331,outdoor
129333,outdoor
129334,outdoor
129335,outdoor
129336,outdoor
129337,outdoor
129339,outdoor
129343,outdoor
129344,outdoor
129345,outdoor
129348,outdoor
129352,outdoor
129354,outdoor
129355,outdoor
129363,outdoor
129368,outdoor
129370,outdoor
129373,outdoor
129374,outdoor
129377,outdoor
129378,mixed
129379,outdoor
129381,outdoor
129386,outdoor
129387,outdoor
129390,indoor
129391,outdoor
129392,outdoor
129394,indoor
129397,outdoor
129398,outdoor
129407,outdoor
129408,outdoor
129409,outdoor
129410,outdoor
129448,outdoor
129449,outdoor
129492,outdoor
129508,outdoor
129540,outdoor
129554,outdoor
129565,outdoor
129649,indoor
129656,outdoor
129704,outdoor
129705,indoor
129721,indoor
130037,mixed
130055,indoor
130116,indoor
130124,indoor
130162,indoor
130198,indoor
130200,indoor
130202,outdoor
130238,indoor
130281,outdoor
130438,indoor
130523,indoor
130558,indoor
130559,indoor
130757,indoor
130851,indoor
130854,indoor
130861,mixed
130903,mixed
130938,indoor
130978,indoor
130999,indoor
131297,indoor
131313,indoor
131315,outdoor
131317,outdoor
131318,outdoor
131322,indoor
131323,indoor
131333,indoor
131343,mixed
131362,indoor
131421,indoor
131516,indoor
131519,outdoor
131586,indoor
131587,mixed
131607,indoor
131611,indoor
131612,indoor
131617,outdoor
131623,outdoor
131712,indoor
131714,indoor
131715,indoor
131717,outdoor
131718,mixed
131719,indoor
131720,indoor
131721,outdoor
131722,indoor
131734,mixed
131838,indoor
131921,outdoor
131978,indoor
1325945,outdoor
1327462,indoor
1327813,outdoor
1329201,mixed
1346850,mixed
1346871,outdoor
1346901,outdoor
1347045,outdoor
1348630,outdoor
1348704,outdoor
1348727,outdoor
1348752,outdoor
1351667,outdoor
1353752,indoor
1353888,indoor
1358310,indoor
136088,outdoor
136093,outdoor
136208,indoor
136538,outdoor
1366921,mixed
137809,mixed
138185,outdoor
138513,mixed
1385338,mixed
138662,mixed
1393773,mixed
1395604,indoor
143062,outdoor
1432032,outdoor
1437668,indoor
1538234,outdoor
1541165,outdoor
1553067,outdoor
1553085,outdoor
1553127,outdoor
1566740,outdoor
1586632,outdoor
1590895,outdoor
1594374,indoor
1594500,indoor
1596119,outdoor
1603336,outdoor
1607213,mixed
1608633,mixed
1610042,indoor
1612637,outdoor
1614282,indoor
1621168,indoor
1621252,mixed
1622267,indoor
1622681,outdoor
1623708,indoor
1623923,indoor
1623931,outdoor
1623998,indoor
1624467,indoor
1624617,mixed
1624685,outdoor
1624808,mixed
1624914,outdoor
1626062,outdoor
1626138,outdoor
1626156,outdoor
1626349,outdoor
1626463,indoor
1626609,mixed
1626685,outdoor
1626705,outdoor
1627481,mixed
1665536,mixed
1678005,mixed
1683936,outdoor
1685656,mixed
1689699,indoor
1690085,mixed
1690303,indoor
1710166,indoor
1720749,outdoor
1722228,indoor
1729789,unknown
1762763,indoor
1784985,indoor
1798587,mixed
1807162,outdoor
1812994,mixed
1824411,outdoor
1826441,indoor
1827496,outdoor
1830941,outdoor
1835264,outdoor
1835272,outdoor
1835368,outdoor
1835388,outdoor
1835565,outdoor
1835620,outdoor
1835715,outdoor
1835740,outdoor
1835774,outdoor
1838591,indoor
1839451,outdoor
1839477,outdoor
1839491,outdoor
1839536,outdoor
1839552,outdoor
1839621,outdoor
1839630,outdoor
1839701,outdoor
1839709,outdoor
1839713,outdoor
1839727,outdoor
1839772,outdoor
1839784,outdoor
1839801,outdoor
1839833,outdoor
1839864,outdoor
1839866,outdoor
1840777,outdoor
1840837,outdoor
1840882,outdoor
1840913,outdoor
1841003,outdoor
1841056,outdoor
1841279,outdoor
1841313,outdoor
1842147,indoor
1842210,outdoor
1844163,outdoor
1845517,indoor
1846020,outdoor
1846830,mixed
1849403,outdoor
1852992,indoor
1853250,indoor
1859317,indoor
1859903,indoor
1865944,indoor
1869883,outdoor
1873769,indoor
1874612,indoor
1878262,outdoor
1882274,mixed
1888983,outdoor
1891566,outdoor
1903255,mixed
1904335,mixed
1905207,indoor
1905508,indoor
1905660,outdoor
1907645,indoor
1907688,outdoor
1908249,outdoor
1908552,outdoor
1911179,outdoor
1911434,mixed
1919973,outdoor
1919999,outdoor
1920031,outdoor
1920063,outdoor
1920958,outdoor
1923400,outdoor
1927032,indoor
1927855,indoor
1928360,indoor
1933854,indoor
1934795,outdoor
1935353,mixed
1935755,mixed
1935998,outdoor
1936339,outdoor
1936343,outdoor
1936359,mixed
1936362,outdoor
1936389,outdoor
1937626,outdoor
1937701,outdoor
1937801,outdoor
1938123,unknown
1938256,indoor
1938262,outdoor
1938278,indoor
1939121,indoor
1939394,indoor
1939439,outdoor
1939446,outdoor
1939448,mixed
1939606,mixed
1939620,indoor
1939644,outdoor
1939796,outdoor
1940070,mixed
1940208,outdoor
1942337,outdoor
1943255,indoor
1945438,outdoor
1945729,outdoor
1947118,mixed
1948361,outdoor
1951612,outdoor
1951619,outdoor
1957348,outdoor
1957364,outdoor
1957487,outdoor
1957499,outdoor
1957600,indoor
1957612,mixed
1957631,outdoor
1957654,outdoor
1957667,outdoor
1957671,mixed
1957680,mixed
1957694,outdoor
1957971,outdoor
1958000,outdoor
1958042,mixed
1958051,outdoor
1958101,outdoor
1958113,outdoor
1963773,outdoor
1964622,indoor
1964911,outdoor
1964912,outdoor
1964914,outdoor
1964918,outdoor
1964922,outdoor
1964927,outdoor
1964932,outdoor
1964937,outdoor
1965276,outdoor
1965335,outdoor
1965356,outdoor
1971330,indoor
1977629,mixed
1977631,indoor
1977633,outdoor
1981054,outdoor
1981067,outdoor
1981071,outdoor
1981076,outdoor
1981089,outdoor
1987215,outdoor
1987563,indoor
1987566,indoor
1991092,outdoor
1992621,indoor
1993692,outdoor
1993698,outdoor
1993706,mixed
1993734,outdoor
1994204,outdoor
1995974,mixed
1996240,outdoor
1996263,outdoor
1997202,outdoor
2002440,outdoor
2002445,outdoor
2002459,outdoor
2002492,indoor
2002500,outdoor
2003909,indoor
2007983,indoor
2009156,indoor
2011992,outdoor
2013257,indoor
2013935,outdoor
2014285,outdoor
2015800,indoor
2018223,indoor
2020734,indoor
2022311,outdoor
2023194,outdoor
2023350,outdoor
2028987,outdoor
2029564,indoor
2030003,outdoor
2032127,mixed
2032322,outdoor
2033064,outdoor
2034480,indoor
2037306,outdoor
2037308,mixed
2037326,mixed
2041021,outdoor
2041031,outdoor
2041032,mixed
2043682,outdoor
2044362,outdoor
2044527,mixed
2045014,mixed
228877,mixed
228886,outdoor
228891,outdoor
229955,indoor
231934,outdoor
231986,indoor
231989,outdoor
2350092,mixed
2351621,outdoor
2353577,outdoor
2357514,outdoor
2358186,outdoor
2359740,outdoor
2361081,outdoor
2364045,indoor
2365617,outdoor
2366115,outdoor
2366500,outdoor
2366916,outdoor
2369002,indoor
2370834,outdoor
2370917,indoor
2370995,indoor
2371510,indoor
2372036,indoor
2372816,indoor
2373420,indoor
2375571,indoor
2379539,outdoor
2379568,mixed
2380470,outdoor
2380834,indoor
2380835,mixed
2380836,outdoor
2380945,outdoor
2381140,outdoor
2381553,indoor
2381567,outdoor
2383578,indoor
2384239,outdoor
2384828,outdoor
2388644,outdoor
2388680,indoor
2388712,mixed
2389967,mixed
2389968,outdoor
2390111,mixed
2390314,indoor
2390406,indoor
2392535,indoor
2392994,outdoor
2393038,outdoor
2393927,indoor
2394316,outdoor
2394618,outdoor
2394825,mixed
2395453,outdoor
2395454,outdoor
2395455,outdoor
2395456,outdoor
2395457,outdoor
2395747,outdoor
2395748,outdoor
2395749,outdoor
2395750,outdoor
2395751,outdoor
2395752,outdoor
2395753,outdoor
2395754,outdoor
2395755,outdoor
2395756,outdoor
2396037,outdoor
2396259,outdoor
2396844,outdoor
2397543,mixed
2401910,indoor
2406053,outdoor
2406545,outdoor
2406564,outdoor
2407314,outdoor
2414648,mixed
2414696,mixed
2414735,outdoor
2414827,outdoor
2414848,outdoor
2417956,outdoor
2418778,indoor
2420082,outdoor
2426995,indoor
2434847,outdoor
2435103,indoor
2435243,indoor
2436435,indoor
2440925,indoor
2451912,indoor
2452842,indoor
2452856,indoor
2453179,indoor
2453779,indoor
2455084,indoor
2456069,indoor
2456224,indoor
2456536,indoor
2456640,mixed
2456701,indoor
2456767,mixed
2456795,indoor
2456837,mixed
2456923,indoor
2457312,indoor
2458348,indoor
2458926,mixed
2460289,indoor
2461651,outdoor
2461702,indoor
2461725,indoor
2462631,mixed
2462893,indoor
2463284,indoor
2463653,indoor
2463772,mixed
2463812,indoor
2463869,indoor
2463875,indoor
2463889,indoor
2463896,mixed
2464201,outdoor
2464238,indoor
2464432,mixed
2464602,indoor
2465024,indoor
2465063,indoor
2465077,indoor
2465130,indoor
2465230,outdoor
2465233,outdoor
2465278,outdoor
2465418,indoor
2465437,indoor
2465460,mixed
2465538,indoor
2465582,indoor
2465798,indoor
2465869,indoor
2465889,unknown
2465928,indoor
2468938,mixed
2468939,indoor
2468978,indoor
2469034,indoor
2469053,indoor
2469059,mixed
2469060,indoor
2469085,indoor
2469088,mixed
2469089,unknown
2469139,indoor
2469189,outdoor
2469196,indoor
2469199,mixed
2469405,outdoor
2469406,outdoor
2469437,mixed
2469439,indoor
2469441,indoor
2469450,indoor
2469467,mixed
2469939,indoor
2470006,indoor
2470024,indoor
2470053,mixed
2470055,indoor
2470057,indoor
2470068,indoor
2470335,indoor
2470361,indoor
2470366,mixed
2470375,indoor
2470392,mixed
2470404,indoor
2470406,indoor
2470410,indoor
2470482,indoor
2470539,indoor
2472691,indoor
2472824,indoor
2473001,indoor
2473002,mixed
2473005,indoor
2478972,indoor
2480899,outdoor
2481741,mixed
2483594,outdoor
2488148,indoor
2489843,outdoor
2492348,indoor
2494745,outdoor
2496023,indoor
2498698,indoor
2499840,outdoor
2499842,outdoor
2500184,outdoor
2500218,outdoor
2500326,mixed
2500685,indoor
2501595,outdoor
2502579,outdoor
2502595,indoor
2502643,outdoor
250345,indoor
250364,indoor
250367,outdoor
2503694,indoor
250376,outdoor
2504464,outdoor
250478,indoor
2507433,indoor
2509920,mixed
2509933,indoor
2511693,mixed
2513410,outdoor
2514004,mixed
2514460,outdoor
2514802,outdoor
2514834,outdoor
2515789,indoor
2519182,indoor
2519536,outdoor
251994,indoor
2522221,indoor
2523285,mixed
2524174,indoor
2524327,outdoor
2524948,outdoor
2524982,outdoor
2525011,outdoor
252560,outdoor
252600,indoor
252604,outdoor
2530632,outdoor
2534281,indoor
2535506,indoor
2536196,outdoor
2537165,indoor
2537187,outdoor
2537494,outdoor
2539394,outdoor
2539403,outdoor
2539421,mixed
2544638,indoor
2545035,indoor
2546531,outdoor
2547624,indoor
2548173,indoor
2549932,outdoor
2553644,indoor
2553685,mixed
2553819,outdoor
2553876,outdoor
2553908,indoor
2553911,indoor
2553923,indoor
2553942,indoor
2553946,indoor
2553960,indoor
2554064,indoor
2554065,indoor
2554068,indoor
2554069,outdoor
2554095,outdoor
2554122,indoor
2554141,indoor
2554143,mixed
2554180,indoor
2554189,indoor
2554222,indoor
2554270,indoor
2554274,indoor
2554347,indoor
2554350,indoor
2554368,indoor
2554479,indoor
2554511,indoor
2554515,indoor
2554516,mixed
2554548,mixed
2554550,mixed
2554569,indoor
2554570,indoor
2555756,outdoor
2555938,indoor
2557807,outdoor
2559938,indoor
2561208,indoor
2562214,indoor
2562239,mixed
2568468,outdoor
2568531,indoor
2568601,outdoor
2568655,outdoor
2568705,outdoor
2568706,outdoor
2568711,outdoor
2569361,outdoor
2569365,indoor
2569384,outdoor
2569455,outdoor
2569457,outdoor
2569459,outdoor
2569463,outdoor
2569467,mixed
2569468,indoor
2569472,outdoor
2569481,outdoor
2569488,mixed
2569489,outdoor
2569497,outdoor
2569507,mixed
2569508,outdoor
2569512,mixed
2570364,outdoor
2578005,indoor
2578387,outdoor
2580713,outdoor
2581263,indoor
2588636,indoor
2588908,outdoor
2589655,mixed
2589657,indoor
2590647,indoor
2591803,indoor
2591862,outdoor
2591870,indoor
2591873,mixed
2592885,indoor
2594360,indoor
2594478,indoor
2597317,indoor
2599177,indoor
2599652,indoor
2599681,outdoor
2599737,mixed
2599772,indoor
2599775,indoor
2599911,indoor
2599929,mixed
2602750,indoor
2603462,indoor
2603463,outdoor
2603500,outdoor
2603504,indoor
2603506,outdoor
2604937,outdoor
2605193,outdoor
2605236,outdoor
2605243,outdoor
2605277,outdoor
2605330,mixed
2605338,outdoor
2605351,indoor
2605809,indoor
2605817,outdoor
2605927,indoor
2606150,indoor
2606182,indoor
2606186,outdoor
2606192,indoor
2606207,outdoor
2606209,indoor
2606216,outdoor
2606218,outdoor
2606219,mixed
2606225,outdoor
2606231,indoor
2606232,outdoor
2606233,outdoor
2606234,outdoor
2606238,indoor
2606296,outdoor
2606387,mixed
2606955,outdoor
2607143,outdoor
2607214,outdoor
2607515,indoor
2607943,outdoor
2608376,outdoor
2608977,mixed
2609152,mixed
2609160,indoor
2609165,indoor
2609175,mixed
2610062,indoor
2610066,outdoor
2610081,outdoor
2610091,outdoor
2610168,indoor
2610293,indoor
2610294,indoor
2610850,outdoor
2611145,outdoor
2611150,mixed
2611575,indoor
2611669,indoor
2612119,outdoor
2612154,outdoor
2612170,outdoor
2612286,outdoor
2612802,outdoor
2612804,outdoor
2612816,outdoor
2612883,outdoor
2612976,outdoor
2613169,outdoor
2613228,outdoor
2613450,indoor
2613455,indoor
2613456,indoor
2613465,outdoor
2613626,outdoor
2614388,outdoor
2615320,mixed
2615342,mixed
2615357,mixed
2615386,indoor
2615388,indoor
2615560,outdoor
2615569,indoor
2615570,outdoor
2616076,outdoor
2616157,outdoor
2616158,indoor
2616164,outdoor
2616453,mixed
2620990,indoor
2621914,outdoor
2623228,indoor
2626809,indoor
2627175,indoor
2628967,indoor
2629010,outdoor
2629036,indoor
2629074,outdoor
2629105,outdoor
2629770,mixed
2629792,outdoor
2629905,outdoor
2630959,outdoor
2630966,outdoor
2630972,mixed
2630994,mixed
2632700,indoor
2632744,mixed
2632750,outdoor
2632986,outdoor
2632992,outdoor
2632998,outdoor
2633012,outdoor
2633029,indoor
2633035,outdoor
2633890,indoor
2633894,indoor
2633895,mixed
2633900,indoor
2633902,outdoor
2633915,indoor
2633949,indoor
2633954,mixed
2633955,mixed
2633956,mixed
2634979,indoor
2638438,mixed
2638441,indoor
2638475,outdoor
2638477,mixed
2638479,outdoor
2638480,indoor
2638481,indoor
2638488,outdoor
2638518,indoor
2638519,outdoor
2638521,indoor
2638528,mixed
2638529,outdoor
2638566,outdoor
2638580,outdoor
2638583,outdoor
2638586,outdoor
2639965,outdoor
2641014,mixed
2642181,outdoor
264311,indoor
264353,indoor
264402,indoor
264466,outdoor
264481,outdoor
264483,outdoor
264570,indoor
2647939,indoor
2648106,indoor
2648177,indoor
2648331,mixed
2648416,indoor
2648488,indoor
2650064,mixed
2650230,indoor
2650370,outdoor
2650446,outdoor
2650745,indoor
2652577,mixed
2653092,indoor
2654539,mixed
2654580,outdoor
2654583,indoor
2654617,outdoor
2655928,outdoor
2656194,outdoor
2656462,outdoor
2656482,outdoor
2656496,mixed
2656585,outdoor
2656733,outdoor
2657131,outdoor
2657241,mixed
2657245,outdoor
2657249,indoor
2657713,mixed
2657716,outdoor
2657825,outdoor
2657838,indoor
2657848,indoor
2657915,outdoor
2659548,outdoor
2660060,mixed
2660064,outdoor
2660381,outdoor
2660763,outdoor
2660770,outdoor
2660917,indoor
2660941,outdoor
2660968,indoor
2661408,indoor
2661427,outdoor
2661441,outdoor
2661514,indoor
2661698,outdoor
2661787,outdoor
2661848,outdoor
2661876,outdoor
2662397,indoor
2662414,indoor
2662467,indoor
2662470,outdoor
2662524,indoor
2662610,indoor
2662682,indoor
2662684,outdoor
2662724,outdoor
2663155,outdoor
2663255,mixed
2663368,indoor
2664187,mixed
2666751,mixed
2666753,outdoor
2666987,indoor
2668070,indoor
2668973,indoor
2669544,outdoor
2669961,outdoor
2670789,indoor
2671791,outdoor
2672393,outdoor
2673663,mixed
2673827,indoor
2673991,outdoor
2673996,outdoor
2673999,outdoor
2674014,outdoor
2674019,outdoor
2674685,indoor
2674762,outdoor
2674942,indoor
2674948,outdoor
2674964,outdoor
2674989,outdoor
2674994,outdoor
2675032,outdoor
2675039,outdoor
2675069,outdoor
2675070,outdoor
2675071,outdoor
2675078,outdoor
2675429,outdoor
2678888,indoor
2679008,indoor
2679716,outdoor
2680226,outdoor
2681409,outdoor
2683997,mixed
2684009,outdoor
2684712,outdoor
2684765,mixed
2685807,outdoor
2687877,outdoor
2698680,indoor
2701989,outdoor
2702105,outdoor
2702108,outdoor
2702135,outdoor
2702295,outdoor
2702317,outdoor
2702327,outdoor
2702339,outdoor
2702452,indoor
2702453,mixed
2702468,outdoor
2702476,outdoor
2702478,outdoor
2702480,outdoor
2702497,outdoor
2702507,outdoor
2702522,outdoor
2702531,outdoor
2702533,outdoor
2702535,outdoor
2702539,outdoor
2702542,outdoor
2702544,outdoor
2702545,outdoor
2702547,outdoor
2702656,outdoor
2702657,mixed
2703403,indoor
2703799,mixed
2703807,outdoor
2704112,indoor
2704121,outdoor
2704242,outdoor
2704352,outdoor
2704353,outdoor
2704412,outdoor
2704452,outdoor
2704552,indoor
2704645,outdoor
2704646,outdoor
2704694,outdoor
2704696,outdoor
2705296,outdoor
2705325,outdoor
2705360,mixed
2705361,mixed
2705373,outdoor
2705409,mixed
2705419,outdoor
2706012,outdoor
2706019,mixed
2706020,outdoor
2706206,outdoor
2706344,outdoor
2706627,outdoor
2707195,outdoor
2707901,mixed
2707908,outdoor
2707930,mixed
2708154,outdoor
2708164,outdoor
2708208,outdoor
2708230,outdoor
2708312,indoor
2708680,outdoor
2708718,outdoor
2708852,outdoor
2709524,outdoor
2709546,indoor
2710029,outdoor
2710165,outdoor
2710577,mixed
2710596,indoor
2710649,mixed
2710727,outdoor
2710730,outdoor
2710731,outdoor
2710732,outdoor
2710789,outdoor
2710791,outdoor
2710807,outdoor
2710808,outdoor
2710895,outdoor
2711035,outdoor
2711042,indoor
2711043,outdoor
2711046,outdoor
2711379,outdoor
2711404,outdoor
2712728,outdoor
2712742,outdoor
2712746,outdoor
2712753,outdoor
2712761,outdoor
2712944,outdoor
2713079,outdoor
2713273,outdoor
2713277,mixed
2713281,outdoor
2713282,indoor
2713393,outdoor
2713440,indoor
2713707,outdoor
2713757,mixed
2713848,indoor
2714103,outdoor
2714140,indoor
2714198,mixed
2714217,outdoor
2714222,indoor
2714239,outdoor
2714276,indoor
2714439,outdoor
2714513,outdoor
2714524,indoor
2714533,outdoor
2714536,outdoor
2714563,outdoor
2714659,mixed
2714661,outdoor
2714728,outdoor
2714789,outdoor
2714794,indoor
2715216,outdoor
2715218,indoor
2715219,mixed
2715230,outdoor
2715232,outdoor
2715249,outdoor
2715403,outdoor
2715643,outdoor
2715656,indoor
2715691,outdoor
2715985,outdoor
2716049,indoor
2717260,mixed
2717286,outdoor
2717288,indoor
2717291,indoor
2717292,indoor
2717337,indoor
2717346,indoor
2717411,outdoor
2717416,indoor
2717422,indoor
2717423,indoor
2717486,unknown
2717492,indoor
2717493,outdoor
2717494,outdoor
2717549,indoor
2717560,indoor
2717594,indoor
2717600,indoor
2717604,indoor
2717605,indoor
2717632,indoor
2717692,outdoor
2717813,mixed
2717821,outdoor
2718058,mixed
2718257,outdoor
2718545,indoor
2718685,outdoor
2718799,outdoor
2718832,mixed
2718833,outdoor
2718998,mixed
2719004,outdoor
2720028,outdoor
2720046,outdoor
2720204,outdoor
2720431,outdoor
2720434,outdoor
2720650,indoor
2720995,mixed
2721158,outdoor
2721168,indoor
2721496,mixed
2721547,mixed
2721583,indoor
2722883,outdoor
2722891,outdoor
2722927,indoor
2722936,indoor
2723499,outdoor
2723689,outdoor
2724650,outdoor
2724661,outdoor
2725010,indoor
2725025,indoor
2725051,mixed
2725101,indoor
2725123,indoor
2725124,indoor
2725128,outdoor
2725257,indoor
2726419,indoor
2726450,outdoor
2726885,outdoor
2727468,outdoor
2727512,outdoor
2729978,outdoor
2729992,indoor
2731174,outdoor
2732160,indoor
2732271,indoor
2732397,indoor
2732452,outdoor
2732489,mixed
2732540,outdoor
2732638,indoor
2732682,outdoor
2732695,outdoor
2732709,outdoor
2733028,outdoor
2733063,outdoor
2733074,outdoor
2733099,indoor
2733133,outdoor
2733230,outdoor
2733433,mixed
2733472,mixed
2733473,mixed
2733486,indoor
2733533,indoor
2733973,indoor
2734865,outdoor
2734980,indoor
2735299,outdoor
2735359,outdoor
2735606,outdoor
2736105,outdoor
2736264,outdoor
2736403,outdoor
2736416,outdoor
2736442,indoor
2736444,outdoor
2736542,indoor
2736671,outdoor
2736702,outdoor
2736704,outdoor
2736733,indoor
2736736,outdoor
2737302,indoor
2737303,mixed
2737304,outdoor
2737306,indoor
2737316,mixed
2737317,indoor
2737328,outdoor
2738022,outdoor
2738106,outdoor
2738653,mixed
2738671,outdoor
2738680,outdoor
2738704,outdoor
2738726,outdoor
2739487,outdoor
2740056,outdoor
2740063,outdoor
2741505,outdoor
2741575,mixed
2742118,outdoor
2742145,outdoor
2742194,mixed
2742209,indoor
2742212,outdoor
2742225,mixed
2742252,indoor
2742469,outdoor
2743288,outdoor
2743315,outdoor
2743322,outdoor
2743347,outdoor
2743387,outdoor
2743740,indoor
2743760,outdoor
2743777,mixed
2744407,outdoor
2744506,outdoor
2744514,indoor
2744518,outdoor
2744534,outdoor
2744553,outdoor
2745423,outdoor
2745583,outdoor
2745594,indoor
2746268,outdoor
2746352,indoor
2746368,outdoor
2746543,outdoor
2746562,outdoor
2746584,outdoor
2746709,outdoor
2747132,indoor
2747134,mixed
2747136,outdoor
2747707,indoor
2747760,indoor
2747843,mixed
2747912,outdoor
2747936,outdoor
2747957,outdoor
2748011,outdoor
2748045,outdoor
2748069,outdoor
2748089,outdoor
2748755,outdoor
2748799,outdoor
2750345,outdoor
2750703,outdoor
2750733,indoor
2750853,outdoor
2750944,outdoor
2751131,indoor
2751332,outdoor
2751455,indoor
2751870,outdoor
2752019,indoor
2752056,outdoor
2752366,indoor
2752379,indoor
2752381,outdoor
2752383,mixed
2752388,outdoor
2752397,outdoor
2752449,indoor
2752492,indoor
2752525,outdoor
2752603,mixed
2752661,outdoor
2752942,outdoor
2753222,indoor
2753563,outdoor
2753588,outdoor
2753854,indoor
2753941,outdoor
2753977,indoor
2754413,mixed
2754458,mixed
2754479,outdoor
2754482,outdoor
2754494,indoor
2754729,outdoor
2754765,indoor
2754979,outdoor
2755033,outdoor
2755034,outdoor
2755042,outdoor
2755049,mixed
2755446,outdoor
2755467,indoor
2755474,outdoor
2755490,indoor
2755543,outdoor
2755676,mixed
2755696,outdoor
2755697,outdoor
2755704,outdoor
2755721,indoor
2755846,mixed
2756057,outdoor
2756160,mixed
2756585,mixed
2756622,outdoor
2756646,mixed
2756657,mixed
2756664,indoor
2756717,indoor
2756719,outdoor
2756802,outdoor
2757145,indoor
2757448,outdoor
2757697,outdoor
2757755,outdoor
2758173,outdoor
2758179,indoor
2758601,indoor
2759036,outdoor
2759120,indoor
2759618,outdoor
2759624,indoor
2759956,indoor
2760361,outdoor
2760781,outdoor
2760796,outdoor
2760802,outdoor
2760823,indoor
2761302,indoor
2761437,outdoor
2761459,outdoor
2761461,outdoor
2761464,outdoor
2761640,indoor
2761677,outdoor
2761684,outdoor
2761729,outdoor
2762555,indoor
2762633,outdoor
2762703,outdoor
2763005,indoor
2763740,outdoor
2763788,outdoor
2763795,outdoor
2763820,indoor
2763821,indoor
2763827,indoor
2763832,outdoor
2763838,mixed
2763856,mixed
2763866,outdoor
2763880,mixed
2764090,outdoor
2764156,outdoor
2764187,indoor
2764961,indoor
2765237,outdoor
2765276,outdoor
2765293,indoor
2765498,indoor
2765622,outdoor
2765650,outdoor
2766442,mixed
2766535,indoor
2766536,indoor
2766543,mixed
2766582,indoor
2766752,mixed
2766990,outdoor
2767538,indoor
2767585,indoor
2767621,outdoor
2767753,indoor
2767790,outdoor
2767886,outdoor
2768087,indoor
2768088,mixed
2768138,outdoor
2768196,outdoor
2769571,indoor
2769593,mixed
2769599,mixed
2769666,mixed
2769769,indoor
2769842,indoor
2769855,indoor
2770314,mixed
2770339,indoor
2770375,mixed
2770378,outdoor
2770494,outdoor
2770566,indoor
2770587,outdoor
2770591,outdoor
2770621,outdoor
2770645,outdoor
2770651,outdoor
2771020,mixed
2771373,indoor
2771815,mixed
2772187,mixed
2772347,outdoor
2772496,indoor
2773297,outdoor
2773390,mixed
2773558,mixed
2773723,indoor
2773755,indoor
2773843,outdoor
2774026,outdoor
2774049,outdoor
2774282,indoor
2774288,outdoor
2774293,indoor
2774392,outdoor
2774498,mixed
2774556,outdoor
2774557,indoor
2774559,outdoor
2774561,outdoor
2774564,mixed
2774565,outdoor
2774566,indoor
2774590,outdoor
2774698,mixed
2774721,indoor
2774723,indoor
2774820,outdoor
2774878,outdoor
2775014,indoor
2775016,indoor
2775017,indoor
2775172,outdoor
2775304,indoor
2775336,outdoor
2775344,unknown
2775351,mixed
2775365,indoor
2775490,mixed
2775492,mixed
2775502,outdoor
2775506,indoor
2775576,outdoor
2776287,outdoor
2776829,outdoor
2776862,outdoor
2777901,outdoor
2777931,indoor
2777952,outdoor
2777977,indoor
2777981,outdoor
2777982,outdoor
2778019,outdoor
2778061,outdoor
2778109,indoor
2778449,outdoor
2778454,outdoor
2778544,outdoor
2778809,indoor
2778914,mixed
2779047,indoor
2779289,indoor
2779504,indoor
2779506,mixed
2779508,outdoor
2780145,mixed
2781334,outdoor
2781566,outdoor
2781599,indoor
2781621,outdoor
2781963,mixed
2782086,indoor
2782132,indoor
2782166,mixed
2782211,outdoor
2782235,outdoor
2782254,outdoor
2782281,outdoor
2782402,outdoor
2782476,outdoor
2782478,outdoor
2782486,outdoor
2782487,outdoor
2782493,outdoor
2782509,outdoor
2782596,mixed
2782619,outdoor
2782625,indoor
2782653,outdoor
2782688,indoor
2782725,mixed
2782736,mixed
2782768,indoor
2782790,outdoor
2782795,indoor
2782803,outdoor
2782834,outdoor
2782841,outdoor
2782863,outdoor
2782890,mixed
2782901,outdoor
2782912,mixed
2782915,indoor
2782949,outdoor
2782959,mixed
2783003,indoor
2783017,mixed
2783068,indoor
2783130,outdoor
2783336,indoor
2783484,outdoor
2783721,outdoor
2783856,mixed
2783882,outdoor
2783944,outdoor
2784039,outdoor
2784046,mixed
2784098,outdoor
2784104,outdoor
2784124,mixed
2784199,outdoor
2784201,indoor
2784243,outdoor
2784250,mixed
2784265,outdoor
2784343,mixed
2784356,outdoor
2784427,indoor
2784646,outdoor
2784715,outdoor
2784734,indoor
2784753,outdoor
2785271,indoor
2785747,indoor
2785776,outdoor
2785918,outdoor
2785967,outdoor
2786064,outdoor
2786179,indoor
2786826,outdoor
2786832,outdoor
2786976,outdoor
2786988,outdoor
2787119,outdoor
2787274,outdoor
2787285,outdoor
2787291,outdoor
2787305,outdoor
2787313,outdoor
2787472,outdoor
2787477,outdoor
2787482,outdoor
2787485,outdoor
2787488,outdoor
2787493,outdoor
2787500,outdoor
2787501,outdoor
2787507,outdoor
2788022,outdoor
2788028,outdoor
2788032,outdoor
2788037,outdoor
2788040,outdoor
2788041,outdoor
2788047,outdoor
2788055,outdoor
2788066,outdoor
2788149,outdoor
2788152,outdoor
2788159,outdoor
2788163,outdoor
2788167,outdoor
2788252,outdoor
2788261,indoor
2788424,outdoor
2789048,outdoor
2789427,outdoor
2789488,outdoor
2789519,indoor
2789653,outdoor
2789673,outdoor
2789675,outdoor
2789677,outdoor
2789678,indoor
2789680,outdoor
2789682,outdoor
2789685,outdoor
2789687,outdoor
2789689,outdoor
2789693,mixed
2789885,outdoor
2790490,outdoor
2790499,outdoor
2790500,outdoor
2790507,outdoor
2790515,indoor
2790995,indoor
2791139,mixed
2791203,outdoor
2791383,unknown
2792624,outdoor
2792626,outdoor
2792630,outdoor
2792631,outdoor
2792632,outdoor
2792637,unknown
2792646,outdoor
2792649,outdoor
2792669,outdoor
2792684,outdoor
2792691,outdoor
2792695,outdoor
2792706,outdoor
2792709,outdoor
2792757,outdoor
2792761,outdoor
2792766,outdoor
2792961,outdoor
2792972,outdoor
2792976,outdoor
2792992,outdoor
2793005,outdoor
2793030,outdoor
2793058,mixed
2795032,outdoor
2795195,indoor
2795229,indoor
2795244,indoor
2795531,outdoor
2795593,indoor
2795796,indoor
2795855,indoor
2795891,outdoor
2796956,mixed
2796959,indoor
2796968,indoor
2798360,outdoor
2798882,outdoor
2800082,outdoor
2801724,outdoor
2804474,outdoor
2804475,indoor
2804498,indoor
2806554,outdoor
2806555,outdoor
2806561,outdoor
2806616,outdoor
2807331,outdoor
2809797,outdoor
2810869,indoor
2812256,mixed
2814180,outdoor
2814485,outdoor
2814588,indoor
2815256,outdoor
2815362,indoor
2815627,indoor
2816347,outdoor
2816669,outdoor
2817306,outdoor
2817792,indoor
2819158,outdoor
2819607,indoor
2819644,indoor
2820027,indoor
2820068,outdoor
2820184,outdoor
2820370,unknown
2820379,unknown
2820395,indoor
2820546,outdoor
2820602,indoor
2820629,indoor
2820640,indoor
2820659,indoor
2820706,unknown
2820707,indoor
2820733,outdoor
2820794,indoor
2820820,indoor
2820838,mixed
2820893,indoor
2821072,outdoor
2821554,indoor
2821565,indoor
2821865,indoor
2822120,indoor
2822187,indoor
2822328,indoor
2826761,indoor
2827405,indoor
2827418,outdoor
2827450,mixed
2828241,indoor
2828374,indoor
2831210,indoor
2841273,indoor
2846309,outdoor
2847368,outdoor
2847372,mixed
2847546,indoor
2847895,outdoor
2848240,outdoor
2848290,outdoor
2848495,indoor
2850356,indoor
2850614,indoor
2852296,indoor
2852538,mixed
2852695,indoor
2858291,indoor
2858860,indoor
2859584,indoor
2862152,indoor
2863011,indoor
2864138,indoor
2864448,outdoor
2864490,mixed
2864975,indoor
2865130,indoor
2865186,indoor
2865402,indoor
2867659,mixed
2872199,outdoor
2878135,indoor
2891338,outdoor
2891340,indoor
2891349,mixed
2893523,indoor
2894647,indoor
2899283,indoor
2900390,indoor
2900858,outdoor
2900897,indoor
2903287,indoor
2903366,mixed
2905045,outdoor
2905622,indoor
2911414,indoor
2911427,indoor
2911436,outdoor
2927441,outdoor
2930677,mixed
2930680,mixed
2930689,outdoor
2930702,outdoor
2930839,outdoor
2931955,indoor
2932001,indoor
2932103,outdoor
2932122,indoor
2932435,mixed
2932828,mixed
2932871,outdoor
2938541,indoor
2939003,outdoor
2939588,indoor
2939639,mixed
2940981,mixed
2941029,indoor
2944473,outdoor
2945279,mixed
2945376,outdoor
2946230,indoor
2946242,indoor
2946527,indoor
2946583,indoor
2946635,indoor
2946746,mixed
2948050,indoor
2948095,outdoor
2948507,outdoor
2948524,outdoor
2950834,indoor
2950841,indoor
2951287,outdoor
2951474,outdoor
2951595,indoor
2961095,indoor
2961814,outdoor
2966048,indoor
2966354,indoor
2969267,indoor
2977041,outdoor
2987654,outdoor
2988365,indoor
2988949,outdoor
2989887,outdoor
2990172,mixed
2990185,outdoor
2990226,mixed
2991487,indoor
2992061,mixed
2992823,indoor
2992824,indoor
2993173,indoor
2993194,indoor
2993377,mixed
2993378,outdoor
2993396,indoor
2993587,indoor
2994127,outdoor
2994364,mixed
2994418,outdoor
2994563,outdoor
2994592,outdoor
2994660,indoor
2994661,indoor
2994680,indoor
2994754,indoor
2994755,indoor
2994829,mixed
2995167,indoor
2995168,mixed
2995169,indoor
2996004,outdoor
2996115,indoor
2996127,unknown
2996133,unknown
2996327,indoor
2996333,indoor
2996647,outdoor
2996749,indoor
2996818,outdoor
2996825,mixed
2996855,indoor
2997257,indoor
2998006,indoor
2998565,indoor
2998630,outdoor
2999147,mixed
2999148,outdoor
2999163,indoor
2999377,indoor
2999840,indoor
2999905,indoor
3000000,mixed
3000132,outdoor
3000163,outdoor
3000404,indoor
3000529,indoor
3000553,indoor
3003184,outdoor
3006077,indoor
3006493,mixed
3006699,outdoor
3007126,indoor
3007160,indoor
3007507,indoor
3007677,indoor
3007973,outdoor
3008008,mixed
3008029,mixed
3008128,outdoor
3008212,outdoor
3008238,indoor
3008239,outdoor
3008356,outdoor
3008466,outdoor
3008489,outdoor
3008541,outdoor
3008663,indoor
3008741,indoor
3008742,indoor
3008960,outdoor
3008996,indoor
3009051,indoor
3009077,outdoor
3010637,outdoor
3010882,outdoor
3010997,outdoor
3010998,mixed
3011053,outdoor
3011055,indoor
3011136,outdoor
3011153,indoor
3011165,outdoor
3011170,indoor
3011177,outdoor
3011251,outdoor
3012012,indoor
3012120,outdoor
3012431,indoor
3012433,indoor
3012678,outdoor
3013027,mixed
3013269,indoor
3013272,mixed
3013578,outdoor
3013742,indoor
3013802,indoor
3013904,mixed
3013923,outdoor
3013977,outdoor
3014000,outdoor
3014112,indoor
3014115,mixed
3014236,outdoor
3014434,mixed
3014533,indoor
3014603,indoor
3014805,indoor
3014807,mixed
3014808,outdoor
3015114,indoor
3015117,outdoor
3015147,mixed
3015170,indoor
3015226,indoor
3015247,outdoor
3015365,outdoor
3015482,indoor
3015559,indoor
3015632,mixed
3015782,outdoor
3015800,outdoor
3015812,indoor
3015838,outdoor
3015858,mixed
3016002,indoor
3016752,indoor
3017319,outdoor
3017347,outdoor
3017378,mixed
3017435,outdoor
3017490,indoor
3017550,outdoor
3017616,outdoor
3017985,indoor
3018110,outdoor
3018148,indoor
3018158,outdoor
3018177,outdoor
3018184,outdoor
3018228,outdoor
3018383,indoor
3018586,indoor
3018622,indoor
3018653,mixed
3018670,mixed
3018677,indoor
3018714,indoor
3018912,outdoor
3019001,outdoor
3019080,outdoor
3019147,indoor
3019714,outdoor
3021180,outdoor
3021290,indoor
3022258,mixed
3022275,outdoor
3022646,outdoor
3022703,indoor
3022726,outdoor
3022862,indoor
3022990,mixed
3023045,mixed
3023048,indoor
3023137,indoor
3024024,indoor
3024181,mixed
3024306,mixed
3025266,indoor
3025437,outdoor
3025520,outdoor
3025573,indoor
3025977,indoor
3026066,outdoor
3026667,mixed
3026711,outdoor
3027054,indoor
3027444,mixed
3027466,outdoor
3027519,indoor
3027700,outdoor
3028538,outdoor
3028565,outdoor
3029091,indoor
3029313,indoor
3029585,mixed
3030016,indoor
3030079,indoor
3030149,outdoor
3030314,indoor
3030491,indoor
3030583,mixed
3031105,indoor
3031552,indoor
3031895,outdoor
3031964,outdoor
3032014,outdoor
3032064,indoor
3032305,indoor
3032619,indoor
3032652,mixed
3032740,mixed
3032823,outdoor
3032849,outdoor
3033046,indoor
3033746,outdoor
3033760,indoor
3033864,indoor
3033908,outdoor
3033909,indoor
3034072,mixed
3034128,outdoor
3034382,outdoor
3035031,outdoor
3035091,indoor
3035793,indoor
3035798,outdoor
3035842,indoor
3036105,indoor
3036201,indoor
3036312,indoor
3036396,outdoor
3036469,mixed
3036538,outdoor
3036539,outdoor
3036579,outdoor
3036593,mixed
3036633,mixed
3036763,mixed
3036783,indoor
3036804,indoor
3036898,indoor
3037220,mixed
3037314,indoor
3037417,mixed
3037574,outdoor
3037603,outdoor
3038412,mixed
3038543,indoor
3038572,indoor
3038621,outdoor
3038622,indoor
3038623,indoor
3038733,indoor
3038882,outdoor
3040120,indoor
3040153,indoor
3041022,mixed
3041359,outdoor
3041402,indoor
3041434,indoor
3041977,mixed
3043208,mixed
3043794,outdoor
3043811,indoor
3043967,outdoor
3044305,outdoor
3044625,indoor
3045019,indoor
3045996,outdoor
3046333,indoor
3046815,outdoor
3047124,indoor
3053048,indoor
3056157,outdoor
3056278,indoor
3056448,outdoor
3056519,outdoor
3056596,indoor
3056624,indoor
3056826,outdoor
3056855,indoor
3057020,indoor
3057021,mixed
3057076,outdoor
3057132,outdoor
3057180,outdoor
3057286,outdoor
3057363,outdoor
3057412,mixed
3057774,indoor
3057775,indoor
3057776,indoor
3057778,indoor
3057863,outdoor
3058070,indoor
3058528,outdoor
3058749,mixed
3060196,indoor
3060292,indoor
3060304,outdoor
3060325,indoor
3060327,mixed
3060333,outdoor
3060335,indoor
3060342,outdoor
3060353,indoor
3060575,mixed
3060600,outdoor
3060624,indoor
3060803,indoor
3060820,indoor
3060890,mixed
3060895,indoor
3060916,indoor
3060926,indoor
3060930,indoor
3060959,indoor
3060966,outdoor
3060967,indoor
3060992,indoor
3061018,indoor
3061044,outdoor
3061177,outdoor
3061178,indoor
3061179,indoor
3061208,indoor
3061215,outdoor
3061220,indoor
3061805,indoor
3062188,indoor
3062214,indoor
3062908,indoor
3063420,indoor
3064821,mixed
3064931,mixed
3065226,outdoor
3065238,mixed
3065279,indoor
3065503,indoor
3065551,indoor
3065596,outdoor
3066280,indoor
3066467,indoor
3066521,indoor
3066619,indoor
3067458,mixed
3067572,indoor
3068424,outdoor
3069080,outdoor
3069501,outdoor
3069525,indoor
3069551,indoor
3070188,outdoor
3070234,indoor
3070289,indoor
3070327,indoor
3070388,outdoor
3070591,mixed
3070686,indoor
3071123,mixed
3071244,indoor
3071282,indoor
3071718,mixed
3071776,indoor
3071796,indoor
3071875,indoor
3072022,mixed
3072023,indoor
3072027,outdoor
3072028,indoor
3072031,outdoor
3072035,outdoor
3072036,outdoor
3072044,mixed
3072217,outdoor
3072663,indoor
3074307,mixed
3074841,indoor
3075242,indoor
3075272,outdoor
3075388,indoor
3075434,indoor
3075447,outdoor
3075594,indoor
3075696,indoor
3075841,indoor
3075859,indoor
3076259,indoor
3076643,outdoor
3076688,outdoor
3076809,outdoor
3076820,outdoor
3076842,outdoor
3076855,outdoor
3076879,outdoor
3077222,mixed
3078307,outdoor
3079580,outdoor
3079868,indoor
3079995,indoor
3080013,indoor
3080045,mixed
3080096,indoor
3080119,outdoor
3080143,outdoor
3080196,mixed
3080224,mixed
3080248,indoor
3080260,indoor
3080310,indoor
3080317,indoor
3080405,indoor
3080441,indoor
3080477,mixed
3080532,indoor
3080583,indoor
3080928,indoor
3080970,indoor
3081227,outdoor
3081346,outdoor
3081424,indoor
3081486,indoor
3081489,indoor
3081515,indoor
3081528,indoor
3081630,indoor
3081677,outdoor
3081778,outdoor
3081792,indoor
3081940,indoor
3081993,outdoor
3082166,indoor
3082235,mixed
3082256,mixed
3082262,indoor
3082316,indoor
3082347,outdoor
3082446,indoor
3082465,indoor
3082578,mixed
3082699,outdoor
3082730,outdoor
3082816,mixed
3082948,mixed
3083146,indoor
3083311,indoor
3083429,indoor
3083482,indoor
3084398,indoor
3085157,indoor
3085198,mixed
3085240,outdoor
3085314,indoor
3087975,outdoor
3089910,outdoor
3098891,indoor
3101657,outdoor
3106562,indoor
3108226,indoor
3112049,indoor
3112168,mixed
3114431,mixed
3114506,indoor
319427,outdoor
3302532,outdoor
3302874,mixed
3303173,indoor
3303346,indoor
3326404,indoor
3329719,indoor
3331253,indoor
3331534,indoor
3334951,indoor
3335951,indoor
3336060,outdoor
3336134,mixed
3336140,indoor
3336500,outdoor
3337188,indoor
3337761,indoor
3337799,indoor
3339051,mixed
3339374,indoor
3340348,outdoor
3341251,indoor
3342050,indoor
3343355,outdoor
3343715,outdoor
3344437,outdoor
3344959,indoor
3345515,indoor
3345606,indoor
3346305,indoor
3346664,outdoor
3350219,mixed
3350811,indoor
3351184,indoor
3351277,mixed
3351555,indoor
3351556,indoor
3351567,indoor
3351644,outdoor
3351658,mixed
3351715,indoor
3351749,indoor
3353714,indoor
3353800,indoor
3353856,outdoor
3353909,indoor
3353949,unknown
3354017,indoor
3354154,indoor
3354209,mixed
3354226,indoor
3354488,outdoor
3357398,indoor
3357819,indoor
3358056,indoor
3358353,mixed
3358855,indoor
3359034,indoor
3360214,indoor
3367449,indoor
3367584,outdoor
3368691,outdoor
3371488,indoor
3371784,indoor
3375297,indoor
3375591,indoor
3375765,outdoor
3377117,indoor
3377139,indoor
3377993,indoor
3378995,mixed
3379937,indoor
3380185,indoor
3386148,indoor
3386434,outdoor
3392012,indoor
3393766,outdoor
3394693,mixed
3396426,outdoor
3396532,indoor
3401581,indoor
3401600,outdoor
3403976,outdoor
3406997,indoor
3407434,mixed
3407606,outdoor
3410530,indoor
3410648,outdoor
3411229,indoor
3413023,mixed
3413162,indoor
3413163,indoor
3413573,indoor
3416331,mixed
3417639,indoor
3417731,outdoor
3419297,indoor
3421455,indoor
3421849,outdoor
3421909,indoor
3422587,unknown
3423707,indoor
3424040,outdoor
3424446,indoor
3425093,indoor
3426935,indoor
3427162,indoor
3427223,indoor
3427800,unknown
3428156,indoor
3428354,indoor
3428544,indoor
3429327,indoor
3430135,indoor
3432261,indoor
3432447,indoor
3433029,indoor
3439423,indoor
3441364,outdoor
3441610,indoor
3441847,indoor
3442142,indoor
3442423,indoor
3442561,mixed
3443808,outdoor
3443859,outdoor
3443876,outdoor
3444315,indoor
3444721,indoor
3444863,indoor
3444883,outdoor
3445709,outdoor
3445748,mixed
3445835,outdoor
3445865,outdoor
3445868,outdoor
3445878,outdoor
3446927,indoor
3447845,outdoor
3448238,indoor
3448404,outdoor
3448679,unknown
3448778,indoor
3448840,indoor
3449005,outdoor
3449335,indoor
3449598,outdoor
3450146,outdoor
3450362,indoor
3451224,indoor
3451864,outdoor
3451976,indoor
3451999,indoor
3452165,indoor
3452166,indoor
3452786,indoor
3452841,outdoor
3453166,indoor
3453420,indoor
3453929,indoor
3454074,indoor
3454325,indoor
3454381,indoor
3454383,indoor
3454469,mixed
3455504,indoor
3455804,indoor
3456754,indoor
3457765,outdoor
3459013,outdoor
3459087,indoor
3459331,outdoor
3462024,outdoor
3463600,indoor
3463964,indoor
3464160,outdoor
3466257,outdoor
3466755,indoor
3468684,mixed
3468741,indoor
3472907,indoor
3474424,mixed
3476445,indoor
3480241,mixed
3483103,indoor
3483221,outdoor
3487744,outdoor
3490450,outdoor
3490457,outdoor
3490458,outdoor
3491457,indoor
3492118,mixed
3492135,indoor
3494364,indoor
3494623,indoor
3495764,indoor
3497804,indoor
3498094,indoor
3498409,outdoor
3498422,indoor
3498431,indoor
3498440,indoor
3499049,indoor
3505052,indoor
3507377,indoor
3508744,indoor
3510160,outdoor
3510248,indoor
3510320,indoor
3510444,indoor
3510944,indoor
3510965,indoor
3510971,indoor
3510980,indoor
3510987,indoor
3511000,indoor
3511018,indoor
3511057,indoor
3511071,indoor
3511181,indoor
3511230,indoor
3511292,outdoor
3511400,unknown
3511602,indoor
3511603,indoor
3511613,indoor
3511656,indoor
3525625,indoor
3526115,indoor
3526255,indoor
3531640,mixed
3532144,outdoor
3532168,indoor
3532465,outdoor
3532478,indoor
3533657,outdoor
3534460,mixed
3534509,indoor
3536364,outdoor
3539194,outdoor
3540938,indoor
3542992,outdoor
3543415,unknown
3543517,indoor
3543978,unknown
3544074,unknown
3544138,outdoor
3544350,indoor
3544376,unknown
3544382,indoor
3544452,indoor
3544490,indoor
3545335,indoor
3545373,outdoor
3545385,indoor
3545523,indoor
3545698,outdoor
3546554,outdoor
3547622,indoor
3547638,mixed
3547899,outdoor
3553979,indoor
3555739,outdoor
3559725,outdoor
3563239,outdoor
3564023,outdoor
3571372,outdoor
3572354,indoor
3572492,indoor
3575096,indoor
3576309,indoor
3577428,indoor
3579198,indoor
3579500,indoor
3579577,outdoor
3580565,outdoor
3582643,indoor
3582693,indoor
3582821,indoor
3582874,indoor
3582947,indoor
3584079,indoor
3584166,indoor
3584915,mixed
3586633,indoor
4005120,indoor
4005896,indoor
4006258,outdoor
4013381,outdoor
4020603,indoor
4023865,indoor
4032721,mixed
4039441,indoor
4040941,indoor
4041419,indoor
4041429,mixed
4041453,outdoor
4041857,indoor
4044446,mixed
4054503,indoor
4054619,outdoor
4054882,mixed
4054925,mixed
4055346,outdoor
4055419,indoor
4057633,outdoor
4058104,mixed
4059333,outdoor
4059519,indoor
4061724,indoor
4061725,indoor
4062234,indoor
4062303,outdoor
4062815,outdoor
4063111,indoor
4064045,indoor
4064835,outdoor
4065105,indoor
4065124,indoor
4065899,indoor
4066353,mixed
4067032,mixed
4068240,indoor
4068707,outdoor
4068768,outdoor
4068774,outdoor
4069125,outdoor
407094,outdoor
4071239,mixed
4073420,indoor
4073447,indoor
4074701,mixed
4074756,outdoor
4074940,indoor
4075758,indoor
4076631,outdoor
4076651,outdoor
4076665,outdoor
4076692,outdoor
4076698,outdoor
4076710,outdoor
4076732,outdoor
4076739,outdoor
4077204,outdoor
4077218,outdoor
4077239,outdoor
4077499,mixed
4078019,indoor
4078486,indoor
4078668,mixed
4078790,mixed
4081538,outdoor
4085879,outdoor
4086892,indoor
4087070,indoor
4087784,outdoor
4087797,mixed
4091194,indoor
4091313,indoor
4091319,indoor
4091320,indoor
4091638,indoor
4092567,indoor
4095094,mixed
4097107,outdoor
4100884,mixed
452707,indoor
529493,indoor
533874,outdoor
537938,outdoor
538011,outdoor
538455,indoor
538459,outdoor
538472,outdoor
538495,outdoor
547853,outdoor
547880,outdoor
553448,indoor
558819,indoor
560481,indoor
561034,indoor
561609,outdoor
561736,outdoor
562359,outdoor
569196,outdoor
580519,outdoor
583164,indoor
586113,mixed
586143,indoor
586149,indoor
586753,indoor
588738,outdoor
589151,outdoor
590997,indoor
591603,indoor
596259,indoor
596511,indoor
596705,outdoor
598187,indoor
600158,mixed
600584,mixed
604854,outdoor
605173,mixed
605616,indoor
606203,outdoor
606248,indoor
619222,indoor
630374,mixed
630395,outdoor
630461,outdoor
630652,outdoor
630687,outdoor
630806,indoor
631066,outdoor
631317,mixed
632089,mixed
634243,indoor
635593,mixed
636393,outdoor
641524,outdoor
650363,outdoor
652305,indoor
662234,indoor
663785,outdoor
665164,indoor
665594,outdoor
701683,indoor
705302,outdoor
710258,outdoor
710391,outdoor
710495,outdoor
710635,outdoor
731587,outdoor
732002,outdoor
736355,mixed
741957,indoor
742022,indoor
743036,outdoor
744952,mixed
745328,indoor
745449,mixed
749557,mixed
752389,indoor
753850,indoor
756456,outdoor
756585,outdoor
758315,mixed
762760,outdoor
762817,mixed
769495,mixed
770251,outdoor
770488,outdoor
770926,outdoor
771686,mixed
773293,mixed
775883,outdoor
776934,outdoor
777228,outdoor
778333,indoor
778402,outdoor
778975,indoor
780778,indoor
780806,outdoor
781031,indoor
782779,outdoor
782884,indoor
786187,outdoor
789377,outdoor
789760,outdoor
790261,outdoor
790337,outdoor
790419,outdoor
792208,indoor
800067,indoor
800214,mixed
800375,outdoor
800404,outdoor
800528,outdoor
800555,indoor
800630,outdoor
800798,outdoor
800812,outdoor
800971,outdoor
801023,outdoor
801042,outdoor
801097,outdoor
801231,outdoor
801301,outdoor
801339,mixed
801375,mixed
801430,outdoor
801460,outdoor
801484,mixed
801593,outdoor
801627,mixed
801711,outdoor
801830,outdoor
801871,outdoor
801918,outdoor
802004,outdoor
802186,outdoor
802241,outdoor
802279,outdoor
802320,outdoor
802358,outdoor
802388,outdoor
802420,outdoor
802472,outdoor
802566,outdoor
802618,outdoor
802643,outdoor
802670,outdoor
802692,mixed
802725,outdoor
802962,outdoor
803048,outdoor
803138,outdoor
803166,outdoor
803293,outdoor
803430,outdoor
803489,outdoor
803562,outdoor
803712,outdoor
803802,outdoor
803988,mixed
805209,indoor
814004,outdoor
824619,outdoor
879633,indoor
880738,indoor
894145,outdoor
895963,indoor
922013,outdoor
923263,mixed
925616,mixed
930345,indoor
949266,indoor
969271,indoor
970052,outdoor
971122,mixed
973052,mixed
975798,outdoor
977068,indoor
980192,mixed
987720,indoor
987913,outdoor
989046,outdoor
990140,indoor
992130,indoor
